S001,Johny Times,IT Support,2025-01-23
S002,Alice Wong,Maintenance,2025-02-10
S003,Bob Lee,Networking,2025-03-05
S004,Sara Kim,Consulting,2025-03-15
S005,David Chan,Hardware Repair,2025-04-01
S006,Mary Jones,Cloud Setup,2025-04-18
S007,Tom White,Software Install,2025-05-12
S008,Emma Brown,Cybersecurity,2025-05-28
S009,Liam Davis,Training,2025-06-09
S010,Olivia Clark,Audit,2025-06-20
S011,Noah Wilson,Database Setup,2025-07-03
S012,Ava Taylor,Server Upgrade,2025-07-19
S013,Ethan Moore,Mobile Support,2025-08-07
S014,Sophia Hall,Web Development,2025-08-23
S015,Mason Allen,Backup Services,2025-09-01
S016,Harry Potter,Sight Repairo,2025-11-25
